Pittsburgh, PA, USA 40.44062479999999 -79.9958864
Homestead, PA 15120, USA 40.4059025 -79.9119948
Hazelwood, Pittsburgh, PA, USA 40.4117223 -79.94445259999999
McKeesport, PA, USA 40.3470671 -79.8641232
Boston, PA 15135, USA 40.3120141 -79.8231024
Greenock, PA, USA 40.3132236 -79.804205
Dravo's Landing Camping Area, Elizabeth, PA 15018, USA 40.28933060000001 -79.7773917
Buena Vista, PA 15018, USA 40.27722199999999 -79.799167
Sutersville, PA, USA 40.23618159999999 -79.799212
West Newton, PA, USA 40.2097933 -79.7669884
Cedar Creek Park, Belle Vernon, PA 15012, USA 40.1725369 -79.7706165
Smithton, PA, USA 40.1539613 -79.7411535
Pennsylvania, USA 41.2033216 -77.1945247
Belle Vernon, PA 15012, USA 40.1250725 -79.8664356
Perryopolis, PA, USA 40.0870182 -79.750597
Layton, PA 15473, USA 40.0903515 -79.72337449999999
Pennsylvania, USA 41.2033216 -77.1945247
Dickerson Run Road, Vanderbilt, PA 15486, USA 40.0384638 -79.6777713
Dawson, PA, USA 40.04701860000001 -79.654484
Adelaide, Dunbar, PA 15425, USA 40.0434074 -79.62392799999999
River's Edge Campground, 1101 Riveredge Road, Connellsville, PA 15425, USA 40.041744 -79.625473
Connellsville, PA 15425, USA 40.0178522 -79.58948280000001
Dunbar, PA, USA 39.9778528 -79.61448349999999
Ohiopyle, PA, USA 39.871742 -79.4922606
Confluence, PA, USA 39.8128547 -79.3567015
Harnedsville, Lower Turkeyfoot, PA 15424, USA 39.7975775 -79.3278119
Fort Hill, PA, USA 39.8316303 -79.274227
Markleton, PA 15551, USA 39.8606333 -79.2269756
Rockwood, PA 15557, USA 39.9156337 -79.15225149999999
Garrett, PA, USA 39.8631361 -79.0580823
Meyersdale, PA 15552, USA 39.81369309999999 -79.024748
Campground, 89 Bennion Road, Annapolis, MD 21402, USA 38.9879976 -76.4664207
Frostburg, MD 21532, USA 39.6581424 -78.92835699999999
Mount Savage, MD 21545, USA 39.6956417 -78.87974419999999
Cumberland, MD, USA 39.6528654 -78.7625185
39.624747, -78.739000
39.587423, -78.732790
39.564650, -78.718116
39.538607, -78.641105
Oldtown, MD 21555, USA 39.5416849 -78.61150649999999
39.530388, -78.586919
39.523542, -78.543055
39.534599, -78.463867
39.544190, -78.459803
Paw Paw Road, WV, USA 39.4601569 -78.4371726
39.573573, -78.456614
39.583761, -78.403742
39.607259, -78.429980
Little Orleans, MD 21766, USA 39.625833 -78.386389
39.627529, -78.360812
39.622329, -78.285109
39.659077, -78.227774
39.682465, -78.198935
Hancock, MD 21750, USA 39.6989809 -78.17972929999999
39.684678, -78.111361
39.651972, -78.050292
Big Pool, MD 21711, USA 39.6237607 -78.0162934
39.607899, -77.969529
39.608857, -77.951257
Dam Number 5 Road, Clear Spring, MD 21722, USA 39.617947 -77.9013993
39.609366, -77.851569
Williamsport, MD 21795, USA 39.6006523 -77.82055079999999
39.561955, -77.850432
39.516812, -77.856612
Campground, 89 Bennion Road, Annapolis, MD 21402, USA 38.9879976 -76.4664207
39.493195, -77.791950
39.486745, -77.776351
39.457321, -77.796372
Shepherdstown, WV, USA 39.4300996 -77.8041609
Sharpsburg, MD 21782, USA 39.4575994 -77.748882
39.418111, -77.745528
39.343126, -77.755102
Sandy Hook, MD 21758, USA 39.325833 -77.710556
Harpers Ferry, WV, USA 39.3253786 -77.7388818
Knoxville, MD 21758, USA 39.3270456 -77.66415760000001
Harpers Ferry, WV, USA 39.3253786 -77.7388818
Brunswick, MD, USA 39.3142682 -77.6277679
Brunswick Family Campground, 100 South Maple Avenue, Brunswick, MD 21716, USA 39.3072909 -77.616306
39.299041, -77.557211
C&O Canal Lock 28 and Lockkeeper's House, Chesapeake & Ohio Canal National Historical Park, Chesapeake and Ohio Canal Towpath, 14, Jefferson, MD 21755, USA 39.2812547 -77.5477588
Point of Rocks, MD, USA 39.2758979 -77.5391815
39.264252, -77.522488
39.227517, -77.455413
Dickerson, MD 20842, USA 39.2202562 -77.42428389999999
39.179549, -77.492766
White's Ferry, 3, MD 20842, USA 39.15488209999999 -77.52136469999999
39.139600, -77.515801
39.090377, -77.462777
39.069679, -77.401911
39.047237, -77.274566
39.031128, -77.243621
Great Falls, VA, USA 38.9981652 -77.2883157
38.977121, -77.217758
38.971018, -77.159573
38.944822, -77.124211
38.919284, -77.101884
Georgetown, Washington, DC, USA 38.9097057 -77.06535650000001
Washington, DC, USA 38.9071923 -77.036870